City_ID,City,Country,Date,Lat,Lng,Max Temp,Humidity,Cloudiness,Wind Speed
0,Bethel,US,2021-02-01 00:23:51,41.3712,-73.414,21.99,53,90,4.61
1,Rikitea,PF,2021-02-01 00:23:51,-23.1203,-134.9692,79.43,61,25,6.96
2,Baisha,CN,2021-02-01 00:23:51,26.5222,110.9311,50.74,83,77,0.94
3,Bluff,NZ,2021-02-01 00:23:51,-46.6,168.3333,60.84,68,69,8.05
4,Naze,JP,2021-02-01 00:21:25,28.3667,129.4833,68.0,52,40,12.66
5,Hobart,AU,2021-02-01 00:20:19,-42.8794,147.3294,75.99,56,75,5.75
6,Yumen,CN,2021-02-01 00:23:51,40.2833,97.2,18.3,68,0,3.62
7,New Norfolk,AU,2021-02-01 00:23:52,-42.7826,147.0587,75.99,48,45,1.99
8,Kodiak,US,2021-02-01 00:23:52,57.79,-152.4072,33.8,51,1,5.75
9,Ushuaia,AR,2021-02-01 00:23:52,-54.8,-68.3,53.6,66,75,6.91
10,Goderich,CA,2021-02-01 00:23:52,43.7501,-81.7165,21.2,58,88,13.8
11,Jutai,BR,2021-02-01 00:23:52,-5.1833,-68.9,74.34,96,96,2.55
12,Port Hedland,AU,2021-02-01 00:23:16,-20.3167,118.5667,75.2,100,90,21.85
13,Petropavlovsk-Kamchatskiy,RU,2021-02-01 00:23:53,53.0452,158.6483,19.4,53,66,2.24
14,Butaritari,KI,2021-02-01 00:23:53,3.0707,172.7902,80.94,82,38,12.93
15,Busselton,AU,2021-02-01 00:20:28,-33.65,115.3333,70.0,67,0,8.01
16,Port Alfred,ZA,2021-02-01 00:23:53,-33.5906,26.891,71.01,85,9,8.99
17,Khatanga,RU,2021-02-01 00:22:50,71.9667,102.5,-39.32,80,21,8.1
18,Punta Arenas,CL,2021-02-01 00:20:00,-53.15,-70.9167,53.6,62,0,31.07
19,Juneau,US,2021-02-01 00:22:43,58.3019,-134.4197,28.4,86,20,5.5
20,Camacha,PT,2021-02-01 00:23:53,33.0833,-16.3333,59.0,94,20,5.75
21,Ignacio Zaragoza,MX,2021-02-01 00:23:54,28.3833,-107.2167,59.0,27,25,5.01
22,Vaini,TO,2021-02-01 00:23:54,-21.2,-175.2,80.6,89,90,10.36
23,Sabang,ID,2021-02-01 00:23:54,5.8933,95.3214,80.73,80,68,20.2
24,Leningradskiy,RU,2021-02-01 00:23:04,69.3833,178.4167,-20.85,86,95,10.31
25,Henties Bay,NA,2021-02-01 00:21:56,-22.116,14.2845,66.99,84,79,5.06
26,Cape Town,ZA,2021-02-01 00:19:15,-33.9258,18.4232,66.0,77,20,20.71
27,Qaanaaq,GL,2021-02-01 00:22:33,77.484,-69.3632,-4.61,88,100,1.25
28,Saint-Augustin,CA,2021-02-01 00:23:54,51.226,-58.6502,13.59,91,81,13.29
29,Ponta Do Sol,PT,2021-02-01 00:23:55,32.6667,-17.1,55.99,75,0,3.0
30,Divnomorskoye,RU,2021-02-01 00:23:55,44.5011,38.1353,49.41,86,82,14.88
31,Kruisfontein,ZA,2021-02-01 00:20:33,-34.0033,24.7314,66.99,82,76,5.99
32,Mataura,NZ,2021-02-01 00:20:09,-46.1927,168.8643,73.45,42,51,3.33
33,Hithadhoo,MV,2021-02-01 00:20:21,-0.6,73.0833,82.17,78,77,12.35
34,Alenquer,BR,2021-02-01 00:23:55,-1.9417,-54.7383,77.0,94,0,4.61
35,Saint-Philippe,RE,2021-02-01 00:23:55,-21.3585,55.7679,78.8,65,0,8.05
36,Hilo,US,2021-02-01 00:19:50,19.7297,-155.09,78.8,61,20,10.36
37,Urumqi,CN,2021-02-01 00:23:56,43.801,87.6005,1.4,92,75,2.24
38,Poum,NC,2021-02-01 00:23:56,-20.2333,164.0167,80.49,73,71,16.33
39,Sukumo,JP,2021-02-01 00:23:56,32.9333,132.7333,52.03,68,7,5.46
40,Krivodol,BG,2021-02-01 00:23:56,43.3744,23.4844,40.57,84,100,4.36
41,Thompson,CA,2021-02-01 00:20:06,55.7435,-97.8558,8.6,92,75,1.99
42,Saint-Pierre,RE,2021-02-01 00:21:59,-21.3393,55.4781,78.8,65,0,8.05
43,Atuona,PF,2021-02-01 00:22:29,-9.8,-139.0333,78.89,74,46,16.96
44,Mount Gambier,AU,2021-02-01 00:23:17,-37.8333,140.7667,62.6,72,100,14.97
45,Forio,IT,2021-02-01 00:23:21,40.7342,13.8646,54.0,82,40,5.75
46,Bredasdorp,ZA,2021-02-01 00:23:57,-34.5322,20.0403,62.01,82,96,14.7
47,Muros,ES,2021-02-01 00:23:57,42.7762,-9.0603,59.0,82,100,1.99
48,Hermanus,ZA,2021-02-01 00:23:57,-34.4187,19.2345,62.01,82,93,15.41
49,Upata,VE,2021-02-01 00:23:57,8.0086,-62.3989,79.0,82,81,7.0
50,Ugoofaaru,MV,2021-02-01 00:23:10,5.6667,73.0,81.82,73,49,10.36
51,Ambon,ID,2021-02-01 00:23:58,-3.6954,128.1814,87.8,66,40,3.44
52,Kandrian,PG,2021-02-01 00:23:58,-6.2167,149.55,87.39,63,80,14.32
53,La Ronge,CA,2021-02-01 00:23:58,55.1001,-105.2842,19.4,86,66,4.61
54,Le Vauclin,MQ,2021-02-01 00:23:58,14.5452,-60.8388,78.8,78,75,17.27
55,Kroya,ID,2021-02-01 00:19:15,-7.6331,109.2461,77.97,83,99,3.27
56,Sedan,FR,2021-02-01 00:23:59,49.6667,5.0,37.99,95,100,8.01
57,Yar-Sale,RU,2021-02-01 00:23:59,66.8333,70.8333,-12.28,89,92,7.81
58,Constitucion,CL,2021-02-01 00:23:59,-35.3333,-72.4167,58.95,85,9,10.02
59,Albany,US,2021-02-01 00:20:07,42.6001,-73.9662,17.01,52,100,2.19
60,Hualmay,PE,2021-02-01 00:23:59,-11.0964,-77.6139,71.67,75,75,12.1
61,Esperance,AU,2021-02-01 00:23:59,-33.8667,121.9,66.2,68,75,13.8
62,Bakchar,RU,2021-02-01 00:23:59,57.0186,82.0711,-12.6,86,97,3.74
63,Malakal,SS,2021-02-01 00:24:00,9.5334,31.6605,76.37,21,0,7.56
64,Umm Lajj,SA,2021-02-01 00:24:00,25.0213,37.2685,69.82,41,0,8.88
65,Kalabo,ZM,2021-02-01 00:24:00,-14.97,22.6814,66.81,94,100,4.25
66,Igrim,RU,2021-02-01 00:24:00,63.1906,64.4162,3.27,94,100,6.76
67,Iqaluit,CA,2021-02-01 00:22:36,63.7506,-68.5145,6.8,72,90,9.22
68,Yaan,NG,2021-02-01 00:24:00,7.3833,8.5667,79.43,17,11,6.93
69,Zonguldak,TR,2021-02-01 00:19:31,41.25,31.8333,39.56,81,92,7.07
70,Lebu,CL,2021-02-01 00:20:08,-37.6167,-73.65,57.4,85,2,12.73
71,Chipinge,ZW,2021-02-01 00:21:25,-20.1883,32.6236,65.1,99,58,3.33
72,Bengkulu,ID,2021-02-01 00:22:33,-3.8004,102.2655,75.58,80,91,4.23
73,Kahului,US,2021-02-01 00:24:01,20.8947,-156.47,78.8,57,20,21.85
74,Zuwarah,LY,2021-02-01 00:24:01,32.9312,12.082,56.34,69,36,14.85
75,Norman Wells,CA,2021-02-01 00:20:40,65.282,-126.8329,-22.0,76,75,8.05
76,Morondava,MG,2021-02-01 00:24:01,-20.2833,44.2833,78.62,83,41,7.81
77,Coquimbo,CL,2021-02-01 00:22:23,-29.9533,-71.3436,64.4,94,75,9.22
78,Souillac,MU,2021-02-01 00:24:02,-20.5167,57.5167,80.6,74,40,13.8
79,Cidreira,BR,2021-02-01 00:24:02,-30.1811,-50.2056,75.47,91,100,10.49
80,Jamestown,US,2021-02-01 00:24:02,42.097,-79.2353,28.99,74,90,13.8
81,Kavieng,PG,2021-02-01 00:24:02,-2.5744,150.7967,84.22,79,88,14.72
82,Carnarvon,AU,2021-02-01 00:24:02,-24.8667,113.6333,91.4,27,85,12.66
83,Arraial Do Cabo,BR,2021-02-01 00:24:02,-22.9661,-42.0278,77.45,80,100,28.5
84,Mahebourg,MU,2021-02-01 00:24:03,-20.4081,57.7,80.6,74,40,13.8
85,Alta Floresta,BR,2021-02-01 00:23:06,-9.8756,-56.0861,73.63,91,56,0.69
86,Caravelas,BR,2021-02-01 00:24:03,-17.7125,-39.2481,76.08,85,77,6.26
87,Torbay,CA,2021-02-01 00:22:31,47.6666,-52.7314,30.99,86,90,18.41
88,Cherskiy,RU,2021-02-01 00:24:03,68.75,161.3,-15.02,83,97,5.84
89,East London,ZA,2021-02-01 00:20:20,-33.0153,27.9116,72.95,70,25,17.9
90,Yellowknife,CA,2021-02-01 00:24:03,62.456,-114.3525,-4.0,77,90,3.44
91,Dunedin,NZ,2021-02-01 00:21:03,-45.8742,170.5036,62.8,66,100,7.0
92,Marsa Matruh,EG,2021-02-01 00:24:04,31.3525,27.2453,57.2,62,0,6.91
93,Tucupita,VE,2021-02-01 00:24:04,9.0622,-62.051,72.73,88,54,4.92
94,Amet,IN,2021-02-01 00:24:04,25.3,73.9333,56.32,33,0,1.25
95,Geraldton,AU,2021-02-01 00:21:20,-28.7667,114.6,89.6,25,0,26.46
96,Port Elizabeth,ZA,2021-02-01 00:24:04,-33.918,25.5701,68.0,83,40,24.16
97,Zdvinsk,RU,2021-02-01 00:24:04,54.7021,78.661,-1.97,85,94,6.96
98,Barrow,US,2021-02-01 00:24:04,71.2906,-156.7887,-14.8,76,90,8.05
99,Dakar,SN,2021-02-01 00:24:05,14.6937,-17.4441,69.8,68,0,6.91
100,Kaeo,NZ,2021-02-01 00:24:05,-35.1,173.7833,72.7,46,0,8.19
101,Barcelos,PT,2021-02-01 00:20:18,41.5388,-8.6151,57.2,94,75,8.05
102,Tazovskiy,RU,2021-02-01 00:24:05,67.4667,78.7,-10.08,90,100,13.44
103,Manadhoo,MV,2021-02-01 00:24:06,5.7667,73.3833,81.99,70,41,8.57
104,Provideniya,RU,2021-02-01 00:24:06,64.3833,-173.3,5.0,85,90,29.08
105,Mana,GF,2021-02-01 00:24:06,5.6592,-53.7767,77.63,80,46,13.67
106,Cabadiangan,PH,2021-02-01 00:24:06,9.7531,122.4739,78.71,72,80,11.34
107,Yazman,PK,2021-02-01 00:24:06,29.1212,71.7446,56.98,30,0,9.78
108,Iracoubo,GF,2021-02-01 00:24:06,5.4802,-53.2011,78.04,80,57,14.12
109,Tshikapa,CD,2021-02-01 00:24:06,-6.4167,20.8,71.42,92,100,1.21
110,Le Pradet,FR,2021-02-01 00:24:07,43.1066,6.0172,55.4,71,0,12.66
111,Kapaa,US,2021-02-01 00:24:07,22.0752,-159.319,78.8,65,40,13.8
112,Komsomolskiy,UZ,2021-02-01 00:24:07,40.4272,71.7189,33.8,55,100,4.61
113,Oranjemund,NA,2021-02-01 00:24:07,-28.55,16.4333,65.37,90,44,10.04
114,Iralaya,HN,2021-02-01 00:24:07,15.0,-83.2333,78.8,85,75,13.8
115,Iquique,CL,2021-02-01 00:22:02,-20.2208,-70.1431,69.8,68,0,18.41
116,Wewak,PG,2021-02-01 00:24:07,-3.5534,143.6268,76.23,92,100,4.59
117,Puerto Ayora,EC,2021-02-01 00:24:08,-0.7393,-90.3518,79.0,89,91,4.0
118,Port Blair,IN,2021-02-01 00:24:08,11.6667,92.75,78.39,84,35,10.42
119,Upernavik,GL,2021-02-01 00:24:08,72.7868,-56.1549,2.55,93,100,6.6
120,Oga,IT,2021-02-01 00:24:08,46.4631,10.347,45.0,92,75,3.44
121,Zapolyarnyy,RU,2021-02-01 00:24:08,69.4154,30.8136,3.2,92,27,2.3
122,Rudbar,AF,2021-02-01 00:24:08,30.15,62.6,59.67,33,0,12.44
123,Pinheiro,BR,2021-02-01 00:19:24,-2.5214,-45.0825,75.42,94,91,2.59
124,Fonte Boa,BR,2021-02-01 00:24:09,-2.4959,-66.2662,76.23,95,92,1.68
125,Washington,US,2021-02-01 00:21:52,47.5001,-120.5015,41.0,84,100,2.53
126,Beringovskiy,RU,2021-02-01 00:21:37,63.05,179.3167,13.68,96,100,30.56
127,Bilma,NE,2021-02-01 00:24:09,18.6853,12.9164,58.41,29,32,1.99
128,Dikson,RU,2021-02-01 00:24:09,73.5069,80.5464,-26.28,79,67,8.19
129,Deputatskiy,RU,2021-02-01 00:24:09,69.3,139.9,-27.22,88,98,2.15
130,Moron,AR,2021-02-01 00:19:19,-34.6534,-58.6198,68.0,94,100,3.0
131,Aksay,RU,2021-02-01 00:24:09,47.26,39.87,37.99,100,90,6.71
132,Tasiilaq,GL,2021-02-01 00:22:42,65.6145,-37.6368,12.2,57,40,2.3
133,Sahuaripa,MX,2021-02-01 00:24:10,29.05,-109.2333,77.09,25,46,3.65
134,Vardo,NO,2021-02-01 00:24:10,70.3705,31.1107,15.8,86,75,9.22
135,Hasaki,JP,2021-02-01 00:21:05,35.7333,140.8333,39.0,64,75,5.75
136,Wanning,CN,2021-02-01 00:24:10,18.8003,110.3967,66.56,90,40,6.53
137,Ivanivka,UA,2021-02-01 00:24:10,46.7208,34.553,40.55,89,99,7.4
138,Kavaratti,IN,2021-02-01 00:24:10,10.5669,72.642,80.89,73,0,10.78
139,Vallenar,CL,2021-02-01 00:24:10,-28.5708,-70.7581,69.04,60,0,2.8
140,Awjilah,LY,2021-02-01 00:24:11,29.1081,21.2869,61.83,29,0,13.51
141,Debno,PL,2021-02-01 00:24:11,52.739,14.698,19.0,73,47,3.74
142,Vila Franca Do Campo,PT,2021-02-01 00:22:38,37.7167,-25.4333,62.01,94,75,18.41
143,Puri,IN,2021-02-01 00:24:11,19.8,85.85,59.0,94,34,7.54
144,Clyde River,CA,2021-02-01 00:20:24,70.4692,-68.5914,-4.0,84,90,17.27
145,Lompoc,US,2021-02-01 00:24:11,34.6391,-120.4579,60.8,63,1,3.44
146,San Quintin,MX,2021-02-01 00:21:45,30.4833,-115.95,62.31,52,80,7.99
147,Arcata,US,2021-02-01 00:24:11,40.8665,-124.0828,55.99,88,90,10.36
148,Tuatapere,NZ,2021-02-01 00:24:12,-46.1333,167.6833,70.09,52,5,4.18
149,Marystown,CA,2021-02-01 00:24:12,47.1666,-55.1483,30.47,92,98,16.35
150,College,US,2021-02-01 00:23:47,64.8569,-147.8028,-2.2,71,90,3.44
151,Sokolo,ML,2021-02-01 00:24:12,14.7328,-6.1219,70.59,19,98,9.82
152,Ostrovnoy,RU,2021-02-01 00:21:08,68.0531,39.5131,10.85,94,93,2.51
153,Dingle,PH,2021-02-01 00:24:12,10.9995,122.6711,76.8,84,96,10.94
154,Tyukhtet,RU,2021-02-01 00:24:12,56.5389,89.3011,-13.72,85,74,9.26
155,Vila Velha,BR,2021-02-01 00:24:12,-20.3297,-40.2925,78.8,83,20,14.97
156,Saskylakh,RU,2021-02-01 00:23:15,71.9167,114.0833,-31.27,83,60,7.56
157,Santa Luzia,BR,2021-02-01 00:24:13,-19.7697,-43.8514,77.0,60,0,6.91
158,Sarai,RU,2021-02-01 00:24:13,53.7458,41.0213,19.87,96,84,13.58
159,Cajabamba,PE,2021-02-01 00:24:13,-7.6167,-78.05,59.83,63,52,4.59
160,Prince George,CA,2021-02-01 00:22:01,53.9166,-122.753,30.99,100,90,8.05
161,Manaus,BR,2021-02-01 00:21:14,-3.1019,-60.025,80.6,89,0,2.3
162,Whitefish,US,2021-02-01 00:24:13,48.4111,-114.3376,37.4,65,90,0.36
163,Porirua,NZ,2021-02-01 00:23:47,-41.1333,174.85,64.4,77,31,11.5
164,Shaping,CN,2021-02-01 00:24:14,22.7545,112.9565,64.0,84,26,0.94
165,Tignere,CM,2021-02-01 00:24:14,7.3667,12.65,65.68,27,0,1.57
166,Katsuura,JP,2021-02-01 00:21:52,35.1333,140.3,45.0,52,75,9.22
167,Luanda,AO,2021-02-01 00:24:14,-8.8368,13.2343,80.6,78,40,6.91
168,Georgetown,MY,2021-02-01 00:24:15,5.4112,100.3354,80.01,73,20,3.44
169,Rosario,AR,2021-02-01 00:21:46,-32.9468,-60.6393,66.0,100,90,9.22
170,Rio Gallegos,AR,2021-02-01 00:22:44,-51.6226,-69.2181,66.2,27,0,21.85
171,Yulara,AU,2021-02-01 00:24:15,-25.2406,130.9889,86.0,25,99,19.57
172,Antofagasta,CL,2021-02-01 00:24:15,-23.65,-70.4,68.0,77,75,12.66
173,Sotouboua,TG,2021-02-01 00:24:15,8.5667,0.9833,71.6,46,0,2.19
174,Sao Filipe,CV,2021-02-01 00:22:42,14.8961,-24.4956,73.18,70,0,5.23
175,Mehamn,NO,2021-02-01 00:24:15,71.0357,27.8492,25.3,93,100,11.54
176,Castro,BR,2021-02-01 00:24:16,-24.7911,-50.0119,64.85,95,100,4.54
177,Hay River,CA,2021-02-01 00:22:31,60.8156,-115.7999,-5.8,77,100,6.91
178,Avarua,CK,2021-02-01 00:20:21,-21.2078,-159.775,82.4,69,20,6.91
179,Ozernovskiy,RU,2021-02-01 00:24:16,51.5,156.5167,14.81,95,100,23.42
180,Sitka,US,2021-02-01 00:23:17,57.0531,-135.33,42.8,45,40,3.15
181,Moroni,KM,2021-02-01 00:24:16,-11.7022,43.2551,80.58,73,71,4.45
182,Saint Pete Beach,US,2021-02-01 00:24:16,27.7253,-82.7412,70.0,78,1,12.66
183,Monrovia,LR,2021-02-01 00:24:16,6.3005,-10.7969,77.0,94,20,8.37
184,Vagur,FO,2021-02-01 00:24:17,61.4732,-6.8119,32.86,86,96,13.44
185,Tuktoyaktuk,CA,2021-02-01 00:24:17,69.4541,-133.0374,-23.8,76,75,3.51
186,Yakima,US,2021-02-01 00:24:17,46.4665,-120.6678,44.01,81,90,6.91
187,Sosnovo-Ozerskoye,RU,2021-02-01 00:24:17,52.5249,111.5418,-35.97,82,59,9.06
188,Acapulco,MX,2021-02-01 00:21:11,16.8634,-99.8901,82.4,69,20,4.61
189,Adrar,MR,2021-02-01 00:24:17,20.5022,-10.0711,66.45,23,39,7.78
190,Santiago,CL,2021-02-01 00:24:17,-33.4569,-70.6483,73.4,53,75,11.5
191,Kabalo,CD,2021-02-01 00:24:11,-6.05,26.9167,70.21,94,100,0.83
192,Shetpe,KZ,2021-02-01 00:24:18,44.1667,52.1167,34.81,92,4,2.66
193,Tocopilla,CL,2021-02-01 00:24:18,-22.092,-70.1979,69.39,66,16,8.68
194,Codrington,AU,2021-02-01 00:24:18,-38.2667,141.9667,62.2,67,100,6.02
195,Shizunai,JP,2021-02-01 00:24:18,42.3339,142.3669,27.05,88,13,4.88
196,Troitskoye,RU,2021-02-01 00:24:18,52.9821,84.6757,6.69,88,26,7.85
197,Paamiut,GL,2021-02-01 00:22:35,61.994,-49.6678,22.26,90,0,13.85
198,Quang Ngai,VN,2021-02-01 00:24:18,15.1167,108.8,67.86,88,54,4.34
199,Newport,GB,2021-02-01 00:24:19,51.5877,-2.9984,37.99,97,100,1.01
200,Pontes E Lacerda,BR,2021-02-01 00:24:19,-15.2261,-59.3353,76.87,76,3,3.87
201,Emerald,AU,2021-02-01 00:24:19,-23.5333,148.1667,84.2,51,75,9.22
202,Filadelfia,US,2021-02-01 00:24:19,39.9523,-75.1638,26.6,86,90,13.8
203,Acurenam,GQ,2021-02-01 00:24:19,1.0322,10.6488,69.06,98,98,4.97
204,Sidi Ali,DZ,2021-02-01 00:24:19,36.0998,0.4206,56.32,90,54,27.96
205,Pavlodar,KZ,2021-02-01 00:24:19,52.3,76.95,1.4,85,0,15.66
206,Goure,NE,2021-02-01 00:24:19,13.9835,10.2704,70.0,17,0,8.01
207,Faanui,PF,2021-02-01 00:20:48,-16.4833,-151.75,81.81,72,75,9.57
208,Aboso,GH,2021-02-01 00:24:20,5.3617,-1.9473,75.49,94,40,3.69
209,Nome,US,2021-02-01 00:20:36,64.5011,-165.4064,3.2,55,90,9.22
210,Nikolskoye,RU,2021-02-01 00:24:20,59.7035,30.7861,26.01,93,75,6.71
211,Aklavik,CA,2021-02-01 00:24:20,68.2191,-135.0107,-20.2,76,100,5.75
212,Takhtamygda,RU,2021-02-01 00:24:20,54.1,123.5667,-37.95,75,5,3.65
213,Chuy,UY,2021-02-01 00:24:21,-33.6971,-53.4616,69.21,91,100,14.41
214,Helena,US,2021-02-01 00:23:39,46.5927,-112.0361,39.2,45,1,5.75
215,Tigil,RU,2021-02-01 00:19:54,57.8,158.6667,-0.81,91,100,20.67
216,Zhigansk,RU,2021-02-01 00:23:48,66.7697,123.3711,-45.08,76,44,2.48
217,Tutoia,BR,2021-02-01 00:24:21,-2.7619,-42.2744,79.36,87,85,11.99
218,Guerrero Negro,MX,2021-02-01 00:20:23,27.9769,-114.0611,68.5,34,91,9.01
219,Murgab,TM,2021-02-01 00:24:21,37.4966,61.9714,37.4,87,0,6.76
220,Lodi,US,2021-02-01 00:24:13,38.1302,-121.2725,64.0,51,66,4.0
221,Itarema,BR,2021-02-01 00:24:22,-2.9248,-39.9167,80.19,81,21,14.76
222,Bambous Virieux,MU,2021-02-01 00:24:22,-20.3428,57.7575,80.6,74,40,13.8
223,Necochea,AR,2021-02-01 00:21:36,-38.5473,-58.7368,55.99,81,59,1.01
224,Manggar,ID,2021-02-01 00:24:22,-2.8833,108.2667,79.48,83,97,9.82
225,Quatre Cocos,MU,2021-02-01 00:24:22,-20.2078,57.7625,80.6,74,40,13.8
226,Klaksvik,FO,2021-02-01 00:24:22,62.2266,-6.589,21.2,86,100,17.0
227,Calabozo,VE,2021-02-01 00:24:22,8.9242,-67.4293,84.43,50,100,7.52
228,Airai,TL,2021-02-01 00:24:22,-8.9266,125.4092,61.57,100,100,4.74
229,Uribia,CO,2021-02-01 00:24:23,11.7139,-72.266,80.56,66,89,23.53
230,Hare Bay,CA,2021-02-01 00:24:23,48.8499,-54.0148,26.6,93,90,17.27
231,Blakstad,NO,2021-02-01 00:24:23,59.8191,10.4645,18.0,89,51,1.01
232,Ariquemes,BR,2021-02-01 00:24:23,-9.9133,-63.0408,74.95,95,52,1.88
233,Cabo San Lucas,MX,2021-02-01 00:24:23,22.8909,-109.9124,75.0,64,90,5.75
234,Victoria,HK,2021-02-01 00:23:41,22.2855,114.1577,64.99,82,37,5.01
235,Ahipara,NZ,2021-02-01 00:21:57,-35.1667,173.1667,71.98,51,0,6.62
236,Veshenskaya,RU,2021-02-01 00:24:23,49.6303,41.7334,30.06,96,97,1.41
237,Santander,ES,2021-02-01 00:24:23,43.4647,-3.8044,57.99,72,90,31.07
238,Zhanaozen,KZ,2021-02-01 00:21:12,43.3,52.8,40.37,89,89,3.06
239,Carutapera,BR,2021-02-01 00:24:24,-1.195,-46.02,78.89,84,6,8.12
240,Cloquet,US,2021-02-01 00:24:24,46.7216,-92.4594,28.99,86,90,2.48
241,Chokurdakh,RU,2021-02-01 00:22:41,70.6333,147.9167,-21.78,87,100,12.73
242,Bastrop,US,2021-02-01 00:24:24,32.7562,-91.8724,48.99,61,1,8.05
243,Hofn,IS,2021-02-01 00:24:24,64.2539,-15.2082,26.83,82,45,8.23
244,Ancud,CL,2021-02-01 00:20:43,-41.8697,-73.8203,62.6,63,0,5.75
245,Pangnirtung,CA,2021-02-01 00:23:18,66.1451,-65.7125,-4.61,87,100,3.38
246,Alyangula,AU,2021-02-01 00:24:25,-13.8483,136.4192,87.8,70,40,6.91
247,Tura,IN,2021-02-01 00:24:25,25.5198,90.2201,52.38,46,0,2.51
248,Hovd,MN,2021-02-01 00:24:25,48.0056,91.6419,1.15,88,33,2.01
249,Winfield,US,2021-02-01 00:24:12,37.2398,-96.9956,35.6,80,90,11.5
250,Nemuro,JP,2021-02-01 00:24:25,43.3236,145.575,12.2,79,20,5.75
251,Qui Nhon,VN,2021-02-01 00:24:25,13.7667,109.2333,69.76,86,98,9.33
252,Esso,RU,2021-02-01 00:24:26,55.9333,158.7,5.67,88,100,9.64
253,Hamilton,US,2021-02-01 00:20:02,39.1834,-84.5333,37.0,93,90,5.75
254,Anisoc,GQ,2021-02-01 00:24:26,1.8658,10.7689,70.65,96,95,1.68
255,Aykhal,RU,2021-02-01 00:24:26,66.0,111.5,-42.09,78,100,9.69
256,Berlevag,NO,2021-02-01 00:24:26,70.8578,29.0864,23.67,92,93,9.64
257,Salalah,OM,2021-02-01 00:22:34,17.0151,54.0924,66.2,72,0,3.44
258,Biskamzha,RU,2021-02-01 00:24:27,53.4497,89.5272,-1.68,84,8,3.02
259,Te Anau,NZ,2021-02-01 00:24:27,-45.4167,167.7167,69.49,52,71,1.32
260,Bay Roberts,CA,2021-02-01 00:24:27,47.5999,-53.2648,30.99,86,90,18.41
261,Manaure,CO,2021-02-01 00:24:27,11.7751,-72.4445,80.11,69,98,21.39
262,Yangambi,CD,2021-02-01 00:24:27,0.8102,24.4336,70.75,73,38,2.28
263,Pisco,PE,2021-02-01 00:24:25,-13.7,-76.2167,70.0,73,75,18.41
264,Marsaxlokk,MT,2021-02-01 00:24:28,35.8419,14.5431,57.0,82,40,18.41
265,Longyearbyen,SJ,2021-02-01 00:24:28,78.2186,15.6401,5.0,30,0,11.5
266,Richards Bay,ZA,2021-02-01 00:24:28,-28.783,32.0377,81.34,71,100,13.69
267,Ribeira Grande,PT,2021-02-01 00:20:14,38.5167,-28.7,63.0,84,100,30.02
268,Dongfeng,CN,2021-02-01 00:24:28,42.6403,125.5118,7.92,94,98,14.9
269,Bathsheba,BB,2021-02-01 00:24:28,13.2167,-59.5167,78.8,65,40,25.32
270,Beira,MZ,2021-02-01 00:24:28,-19.8436,34.8389,78.8,94,40,5.75
271,Dongsheng,CN,2021-02-01 00:24:28,39.8161,109.9776,9.41,70,0,12.71
272,Belmonte,BR,2021-02-01 00:24:29,-15.8631,-38.8828,78.8,73,0,11.5
273,Talnakh,RU,2021-02-01 00:22:05,69.4865,88.3972,-18.17,77,95,9.95
274,Lagoa,PT,2021-02-01 00:20:46,39.05,-27.9833,61.5,87,99,20.4
275,Tongchuan,CN,2021-02-01 00:24:29,35.0806,109.0897,34.95,62,40,3.04
276,Las Palmas,ES,2021-02-01 00:24:29,28.4204,-14.0131,64.4,88,0,13.8
277,La Plata,AR,2021-02-01 00:24:29,-34.9215,-57.9545,68.0,92,100,1.99
278,Kamenka,RU,2021-02-01 00:24:29,51.3223,42.7678,19.94,97,53,7.67
279,Salmas,IR,2021-02-01 00:24:29,38.1973,44.7653,28.4,86,20,4.61
280,Walvis Bay,NA,2021-02-01 00:24:30,-22.9575,14.5053,66.99,77,10,4.61
281,Severo-Kurilsk,RU,2021-02-01 00:20:11,50.6789,156.125,22.84,91,92,39.55
282,Turukhansk,RU,2021-02-01 00:24:30,65.8167,87.9833,-11.2,90,100,10.51
283,Yangjiang,CN,2021-02-01 00:24:30,21.85,111.9667,61.59,88,7,4.56
284,Sistranda,NO,2021-02-01 00:24:30,63.7256,8.834,30.2,80,0,16.11
285,Nanortalik,GL,2021-02-01 00:24:30,60.1432,-45.2371,32.85,89,100,6.33
286,Sisimiut,GL,2021-02-01 00:24:30,66.9395,-53.6735,6.06,80,17,8.46
287,Shache,CN,2021-02-01 00:20:27,38.4167,77.2406,21.9,84,98,0.74
288,Hede,CN,2021-02-01 00:24:31,33.7681,120.2517,46.18,85,99,9.31
289,Maniitsoq,GL,2021-02-01 00:24:31,65.4167,-52.9,12.65,75,10,3.56
290,Teseney,ER,2021-02-01 00:24:31,15.11,36.6575,65.32,83,0,7.09
291,Bacolod,PH,2021-02-01 00:24:31,10.6667,122.95,78.6,78,88,15.55
292,Koundara,GN,2021-02-01 00:24:31,12.4833,-13.3,74.41,17,19,3.38
293,Santa Quiteria,BR,2021-02-01 00:24:31,-4.3319,-40.1567,77.41,71,89,2.21
294,Stange,NO,2021-02-01 00:24:31,60.718,11.1942,12.0,92,75,2.1
295,Lubango,AO,2021-02-01 00:23:16,-14.9172,13.4925,58.21,79,97,4.43
296,Waddan,LY,2021-02-01 00:24:32,29.1614,16.139,61.59,30,55,14.23
297,Kastamonu,TR,2021-02-01 00:24:30,41.5,33.6667,33.42,91,81,2.91
298,Pampierstad,ZA,2021-02-01 00:24:32,-27.7832,24.6877,70.16,23,0,6.58
299,Ndele,CF,2021-02-01 00:24:32,8.4109,20.6473,74.07,24,0,5.73
300,Cassilandia,BR,2021-02-01 00:24:32,-19.1133,-51.7342,76.28,78,100,4.94
301,Aswan,EG,2021-02-01 00:21:22,24.0934,32.907,57.6,47,0,7.09
302,Westport,US,2021-02-01 00:24:33,41.1415,-73.3579,24.8,39,90,9.22
303,Boyolangu,ID,2021-02-01 00:24:33,-8.1181,111.8935,76.86,86,100,4.99
304,Qax,AZ,2021-02-01 00:24:33,41.4225,46.9242,39.2,70,40,6.91
305,Mar Del Plata,AR,2021-02-01 00:22:44,-38.0023,-57.5575,64.0,72,75,12.66
306,Bowen,AU,2021-02-01 00:24:33,-20.0167,148.2333,82.4,65,40,18.41
307,Mandera,KE,2021-02-01 00:20:30,3.9366,41.867,73.45,57,19,12.37
308,Pafos,CY,2021-02-01 00:22:57,34.7667,32.4167,50.0,76,20,10.36
309,Aripuana,BR,2021-02-01 00:23:19,-9.1667,-60.6333,75.83,91,41,1.66
310,Luderitz,NA,2021-02-01 00:23:18,-26.6481,15.1594,65.73,77,1,20.02
311,Solano,US,2021-02-01 00:24:34,38.2333,-121.9511,63.0,48,40,4.03
312,Half Moon Bay,US,2021-02-01 00:24:34,37.4636,-122.4286,63.0,67,1,9.22
313,Minab,IR,2021-02-01 00:24:34,27.1467,57.0801,55.4,76,0,4.61
314,Yuryevets,RU,2021-02-01 00:24:34,57.3201,43.1041,19.45,96,100,15.61
315,Bairiki,KI,2021-02-01 00:24:35,1.3292,172.9752,86.0,74,20,10.36
316,Frutigen,CH,2021-02-01 00:24:35,46.5878,7.6475,39.99,90,95,6.26
317,Shangrao,CN,2021-02-01 00:24:35,28.4532,117.9686,55.67,82,52,1.16
318,Cayenne,GF,2021-02-01 00:24:35,4.9333,-52.3333,80.6,78,75,10.36
319,Mindelo,CV,2021-02-01 00:24:35,16.8901,-24.9804,71.6,78,20,21.85
320,San Juan,AR,2021-02-01 00:20:38,-31.5375,-68.5364,67.5,50,70,18.92
321,Kaitangata,NZ,2021-02-01 00:24:35,-46.2817,169.8464,68.0,64,87,8.01
322,Kasongo,CD,2021-02-01 00:24:35,-4.45,26.6667,69.21,99,100,1.74
323,Lingao,CN,2021-02-01 00:24:36,19.9103,109.6859,64.35,92,0,6.87
324,Laguna,US,2021-02-01 00:24:36,38.421,-121.4238,64.0,42,1,4.61
325,Iranshahr,IR,2021-02-01 00:24:36,27.2025,60.6848,51.8,46,0,2.35
326,Ust-Nera,RU,2021-02-01 00:24:36,64.5667,143.2,-29.02,75,90,6.46
327,Saint George,US,2021-02-01 00:24:36,37.1041,-113.5841,55.4,38,1,3.58
328,Wanaka,NZ,2021-02-01 00:24:36,-44.7,169.15,68.5,38,90,3.4
329,Krasnoselkup,RU,2021-02-01 00:24:36,65.7,82.4667,-11.58,89,100,11.92
330,Buala,SB,2021-02-01 00:23:44,-8.145,159.5921,84.7,77,68,18.54
331,Kalmunai,LK,2021-02-01 00:24:37,7.4167,81.8167,75.69,87,2,5.21
332,San Vicente,AR,2021-02-01 00:24:37,-26.6167,-54.1333,67.46,100,98,2.33
333,Tete,MZ,2021-02-01 00:24:37,-16.1564,33.5867,77.0,100,40,4.61
334,Dawson Creek,CA,2021-02-01 00:24:37,55.7666,-120.2362,10.4,79,1,4.61
335,Binabalian,PH,2021-02-01 00:24:37,16.4202,119.9279,74.8,75,18,9.26
336,Wajir,KE,2021-02-01 00:24:37,1.7471,40.0573,73.94,68,66,15.52
337,Tual,ID,2021-02-01 00:24:37,-5.6667,132.75,81.9,75,100,12.33
338,Suntar,RU,2021-02-01 00:24:38,62.1444,117.6319,-43.19,79,53,2.98
339,Abu Kamal,SY,2021-02-01 00:24:38,34.4506,40.9171,48.78,63,0,4.94
340,Hambantota,LK,2021-02-01 00:24:38,6.1241,81.1185,71.6,100,0,2.3
341,Puerto Ayacucho,VE,2021-02-01 00:24:38,5.6639,-67.6236,80.71,74,100,3.87
342,Hirara,JP,2021-02-01 00:24:38,24.8,125.2833,69.8,64,20,11.5
343,Magaria,NE,2021-02-01 00:24:38,12.9983,8.9099,68.79,22,0,10.07
344,Hobyo,SO,2021-02-01 00:24:38,5.3505,48.5268,74.41,79,9,16.04
345,Lunderskov,DK,2021-02-01 00:24:38,55.4837,9.2992,28.99,100,90,2.3
346,Pljevlja,ME,2021-02-01 00:24:39,43.3333,19.3333,28.4,100,90,9.22
347,Ossora,RU,2021-02-01 00:24:39,59.2353,163.0719,-2.31,90,100,21.3
348,San Patricio,US,2021-02-01 00:22:17,28.017,-97.5169,75.2,26,20,10.36
349,Shagonar,RU,2021-02-01 00:24:39,51.5333,92.8,-9.65,86,89,1.59
350,Andenes,NO,2021-02-01 00:24:39,69.3143,16.1194,30.2,80,75,19.57
351,Chama,CH,2021-02-01 00:24:39,47.1821,8.4636,39.99,93,90,1.14
352,Alofi,NU,2021-02-01 00:24:39,-19.0595,-169.9187,80.91,76,99,17.4
353,Baherden,TM,2021-02-01 00:24:40,38.4362,57.4316,47.98,53,17,3.67
354,Port-Gentil,GA,2021-02-01 00:22:50,-0.7193,8.7815,80.6,83,40,5.75
355,Selizharovo,RU,2021-02-01 00:20:08,56.8519,33.4487,22.48,96,100,11.79
356,Brae,GB,2021-02-01 00:24:40,60.3964,-1.353,32.0,86,20,10.36
357,Birao,CF,2021-02-01 00:24:40,10.2849,22.7882,72.36,21,0,6.87
358,Ayorou,NE,2021-02-01 00:24:40,14.7308,0.9174,72.28,18,99,10.85
359,Ponta Delgada,PT,2021-02-01 00:24:40,37.7333,-25.6667,62.01,94,75,18.41
360,Pozo Colorado,PY,2021-02-01 00:24:40,-23.4923,-58.7972,79.68,74,89,1.3
361,Rawson,AR,2021-02-01 00:22:43,-43.3002,-65.1023,71.29,41,22,24.76
362,Guanay,BO,2021-02-01 00:24:41,-15.4975,-67.8797,75.02,82,100,1.3
363,Ormara,PK,2021-02-01 00:24:41,25.2088,64.6357,68.54,76,0,7.72
364,Tiznit,MA,2021-02-01 00:24:41,29.5833,-9.5,61.66,61,0,1.7
365,Lamu,KE,2021-02-01 00:24:29,-2.2717,40.902,77.0,83,1,4.61
366,Morristown,US,2021-02-01 00:24:41,36.214,-83.2949,45.0,100,90,9.22
367,Paraiso,CR,2021-02-01 00:24:41,9.8383,-83.8656,68.0,73,40,13.8
368,Matola,MZ,2021-02-01 00:24:41,-25.9622,32.4589,76.86,86,83,4.36
369,Francistown,BW,2021-02-01 00:24:27,-21.17,27.5079,73.51,81,100,5.66
370,Antalaha,MG,2021-02-01 00:24:42,-14.9003,50.2788,75.2,83,23,5.95
371,Udon Thani,TH,2021-02-01 00:24:42,17.3333,102.8333,68.0,88,37,2.3
372,Prince Rupert,CA,2021-02-01 00:24:42,54.3161,-130.3201,44.6,61,40,5.75
373,Ishigaki,JP,2021-02-01 00:21:01,24.3448,124.1572,71.6,60,20,9.22
374,Skibbereen,IE,2021-02-01 00:21:37,51.55,-9.2667,44.6,100,90,11.5
375,Ghanzi,BW,2021-02-01 00:24:42,-21.5667,21.7833,71.02,76,99,4.7
376,Bontang,ID,2021-02-01 00:24:42,0.1333,117.5,78.26,81,97,9.6
377,Saint-Paul,RE,2021-02-01 00:24:42,-21.0096,55.2707,71.01,90,23,3.0
378,Dustlik,UZ,2021-02-01 00:24:42,40.5247,68.0358,48.47,78,100,5.35
379,Yichun,CN,2021-02-01 00:21:04,47.7,128.9,-6.52,91,100,6.22
380,Guarapari,BR,2021-02-01 00:24:43,-20.6667,-40.4975,78.8,83,20,14.97
381,Portland,US,2021-02-01 00:23:18,45.5234,-122.6762,52.0,76,90,11.5
382,Abu Samrah,SY,2021-02-01 00:24:43,35.3029,37.1841,44.65,94,2,6.78
383,Alwar,IN,2021-02-01 00:24:43,27.5667,76.6,51.58,44,0,0.4
384,Namatanai,PG,2021-02-01 00:24:43,-3.6667,152.4333,84.51,71,97,9.19
385,Heihe,CN,2021-02-01 00:24:43,50.2441,127.4902,-31.0,68,40,2.24
386,Bahia Blanca,AR,2021-02-01 00:23:36,-38.7196,-62.2724,62.15,50,38,12.73
387,Nyurba,RU,2021-02-01 00:24:44,63.2842,118.3319,-44.73,78,82,4.41
388,Padang,ID,2021-02-01 00:24:44,-0.9492,100.3543,77.43,73,65,5.23
389,Sola,VU,2021-02-01 00:24:44,-13.8833,167.55,84.2,84,75,5.1
390,Cabedelo,BR,2021-02-01 00:22:51,-6.9811,-34.8339,78.8,83,20,8.05
391,Tukrah,LY,2021-02-01 00:24:44,32.5341,20.5791,65.84,38,77,25.46
392,Banda Aceh,ID,2021-02-01 00:24:44,5.5577,95.3222,77.0,80,51,11.21
393,Morsbach,DE,2021-02-01 00:24:44,50.8667,7.75,33.01,87,100,4.0
394,Baruun-Urt,MN,2021-02-01 00:22:17,46.6806,113.2792,-21.33,81,91,9.19
395,Hwange,ZW,2021-02-01 00:24:45,-18.3693,26.5019,70.52,93,100,1.03
396,Sibolga,ID,2021-02-01 00:24:45,1.7427,98.7792,74.5,76,97,5.3
397,Opuwo,NA,2021-02-01 00:22:26,-18.0607,13.84,69.08,49,100,5.68
398,Banjar,ID,2021-02-01 00:24:45,-8.19,114.9675,80.6,83,40,3.44
399,Almaznyy,RU,2021-02-01 00:24:45,48.0448,40.045,37.4,100,90,6.71
400,Hareid,NO,2021-02-01 00:24:45,62.3714,6.0263,28.4,93,20,6.91
401,Galle,LK,2021-02-01 00:21:40,6.0367,80.217,74.77,87,56,3.44
402,San Pedro,PH,2021-02-01 00:24:46,14.35,121.0167,78.01,78,40,6.91
403,Ilabaya,PE,2021-02-01 00:24:46,-17.4208,-70.5133,69.48,49,72,4.7
404,Krasnoshchekovo,RU,2021-02-01 00:22:08,51.6708,82.7289,6.85,90,100,0.72
405,Mega,ET,2021-02-01 00:24:46,4.05,38.3,60.31,42,74,16.93
406,Port Hardy,CA,2021-02-01 00:24:46,50.6996,-127.4199,44.6,93,75,2.3
407,Sur,OM,2021-02-01 00:23:32,22.5667,59.5289,68.63,55,0,4.21
408,Dunmore Town,BS,2021-02-01 00:24:46,25.5,-76.65,72.93,75,100,18.75
409,Talaya,RU,2021-02-01 00:20:02,61.3833,152.75,-30.15,80,100,11.5
410,Parry Sound,CA,2021-02-01 00:24:47,45.3501,-80.033,17.6,62,41,7.49
411,Lundazi,ZM,2021-02-01 00:24:47,-12.2929,33.1782,64.71,95,100,5.21
412,Kichera,RU,2021-02-01 00:24:47,55.9375,110.0997,-24.66,71,51,2.06
413,Ilulissat,GL,2021-02-01 00:24:47,69.2167,-51.1,6.8,56,75,5.75
414,Araioses,BR,2021-02-01 00:24:47,-2.89,-41.9031,78.66,88,79,8.52
415,Egvekinot,RU,2021-02-01 00:24:48,66.3167,-179.1667,-10.84,89,100,19.62
416,Baghdad,IQ,2021-02-01 00:24:48,33.3406,44.4009,50.0,62,0,6.91
417,Huarmey,PE,2021-02-01 00:24:49,-10.0681,-78.1522,72.03,75,26,10.96
418,Tarko-Sale,RU,2021-02-01 00:24:49,64.9225,77.785,-8.73,90,92,9.44
419,Porto Novo,BJ,2021-02-01 00:24:49,6.4965,2.6036,84.2,84,40,12.66
420,Ayagoz,KZ,2021-02-01 00:24:49,47.9714,80.4392,14.27,85,100,4.05
421,Novopodrezkovo,RU,2021-02-01 00:24:49,55.9428,37.3467,24.8,86,75,15.66
422,Picota,PE,2021-02-01 00:24:49,-6.9197,-76.3304,82.4,61,20,3.44
423,Liverpool,GB,2021-02-01 00:24:49,53.4106,-2.9779,36.0,75,90,9.22
424,Murakami,JP,2021-02-01 00:24:49,38.2333,139.4833,33.8,64,20,5.75
425,Puyo,EC,2021-02-01 00:20:06,-1.4667,-77.9833,75.2,78,40,2.3
426,Altay,CN,2021-02-01 00:24:50,47.8667,88.1167,16.07,64,59,2.37
427,Barranca,PE,2021-02-01 00:24:50,-10.75,-77.7667,70.59,75,32,7.81
428,Beckley,US,2021-02-01 00:24:50,37.7782,-81.1882,33.8,93,90,11.5
429,Kununurra,AU,2021-02-01 00:23:15,-15.7667,128.7333,84.2,89,40,1.88
430,Upington,ZA,2021-02-01 00:24:50,-28.4478,21.2561,69.8,46,0,6.91
431,Purpe,RU,2021-02-01 00:24:50,64.4803,76.6897,-7.89,91,92,8.41
432,Hirado,JP,2021-02-01 00:24:51,33.3597,129.5531,57.2,72,75,19.57
433,Methoni,GR,2021-02-01 00:24:51,36.8197,21.7049,62.01,94,100,8.05
434,Dori,BF,2021-02-01 00:24:51,14.0354,-0.0345,74.61,16,84,7.74
435,Mandali,IQ,2021-02-01 00:24:51,33.7499,45.5541,51.58,45,5,2.75
436,Coolum Beach,AU,2021-02-01 00:24:51,-26.5333,153.1,73.99,86,34,4.0
437,Ayan,RU,2021-02-01 00:24:51,56.45,138.1667,-21.33,73,100,13.13
438,Bocas Del Toro,PA,2021-02-01 00:24:51,9.3333,-82.25,66.99,69,60,10.0
439,Puerto Escondido,MX,2021-02-01 00:21:31,15.85,-97.0667,82.4,74,20,2.3
440,Port Macquarie,AU,2021-02-01 00:23:28,-31.4333,152.9167,82.99,53,66,1.99
441,Heyang,CN,2021-02-01 00:24:52,26.1011,107.473,48.67,94,99,2.77
442,Pacific Grove,US,2021-02-01 00:22:27,36.6177,-121.9166,57.99,76,1,3.44
443,Taoudenni,ML,2021-02-01 00:24:52,22.6783,-3.9836,69.51,22,0,9.51
444,Menzelinsk,RU,2021-02-01 00:24:52,55.7271,53.1026,26.6,86,90,24.61
445,Hibbing,US,2021-02-01 00:24:52,47.4272,-92.9377,26.6,86,90,11.5
446,Saint-Joseph,RE,2021-02-01 00:24:52,-21.3667,55.6167,78.8,65,0,8.05
447,Euclides Da Cunha,BR,2021-02-01 00:24:53,-10.5075,-39.0158,70.99,91,73,6.29
448,Suzdal,RU,2021-02-01 00:24:53,56.4281,40.4414,18.73,95,86,14.63
449,Getulio Vargas,UY,2021-02-01 00:24:53,-32.6796,-53.5494,71.19,89,100,10.29
450,Stykkisholmur,IS,2021-02-01 00:24:53,65.0757,-22.7297,25.59,92,100,5.95
451,Assare,BR,2021-02-01 00:24:53,-6.8744,-39.875,74.97,63,99,1.81
452,Fort Saint James,CA,2021-02-01 00:24:53,54.4333,-124.25,26.82,97,100,0.85
453,Dhing,IN,2021-02-01 00:24:53,26.4667,92.4667,56.91,63,0,3.38
454,Senigallia,IT,2021-02-01 00:24:53,43.7093,13.2167,45.0,100,90,6.91
455,Nueva Imperial,CL,2021-02-01 00:24:54,-38.7333,-72.95,60.8,94,75,3.44
456,Awbari,LY,2021-02-01 00:24:54,26.5921,12.7805,58.28,32,34,10.45
457,Lugovoy,KZ,2021-02-01 00:20:38,42.9472,72.7644,38.1,73,100,4.27
458,Makakilo City,US,2021-02-01 00:24:54,21.3469,-158.0858,82.4,50,75,8.05
459,Vangaindrano,MG,2021-02-01 00:24:54,-23.35,47.6,76.33,90,97,3.18
460,Stornoway,GB,2021-02-01 00:24:54,58.2093,-6.3865,37.4,65,20,9.22
461,Santa Cruz De La Palma,ES,2021-02-01 00:24:54,28.6835,-17.7642,62.6,77,0,11.5
462,Ayr,GB,2021-02-01 00:24:55,55.4627,-4.6339,32.0,74,0,4.61
463,Lithakia,GR,2021-02-01 00:24:55,37.7167,20.8333,57.2,94,90,11.5
464,Cutro,IT,2021-02-01 00:24:55,39.0353,16.9819,46.0,81,22,3.0
465,Honningsvag,NO,2021-02-01 00:20:29,70.9821,25.9704,30.58,93,100,15.79
466,Regina,CA,2021-02-01 00:20:04,50.4501,-104.6178,12.0,85,20,13.8
467,Okha,RU,2021-02-01 00:24:55,53.5739,142.9478,-16.06,81,1,20.78
468,Singaparna,ID,2021-02-01 00:24:56,-7.3515,108.111,73.2,79,96,3.24
469,Barra Do Garcas,BR,2021-02-01 00:24:56,-15.89,-52.2567,77.45,70,30,1.28
470,Sao Joao Da Barra,BR,2021-02-01 00:24:56,-21.6403,-41.0511,77.86,82,97,20.18
471,Gornozavodsk,RU,2021-02-01 00:24:56,58.3758,58.3211,23.7,96,100,8.97
472,Araouane,ML,2021-02-01 00:21:00,18.9048,-3.5265,67.33,20,15,9.8
473,Santa Clarita,US,2021-02-01 00:24:57,34.3917,-118.5426,64.0,44,100,1.99
474,Sragen,ID,2021-02-01 00:24:57,-7.4264,111.0222,77.04,86,97,0.92
475,Plettenberg Bay,ZA,2021-02-01 00:24:57,-34.0527,23.3716,65.19,79,81,12.93
476,Namibe,AO,2021-02-01 00:24:57,-15.1961,12.1522,73.47,72,96,5.39
477,Rawdon,CA,2021-02-01 00:24:57,46.0501,-73.7159,1.0,84,1,2.3
478,Launceston,AU,2021-02-01 00:23:06,-41.45,147.1667,64.0,82,90,5.75
479,Meiganga,CM,2021-02-01 00:24:58,6.5167,14.3,66.79,27,58,4.63
480,Tlacote El Bajo,MX,2021-02-01 00:24:58,20.65,-100.5,69.8,35,1,25.32
481,Broome,US,2021-02-01 00:21:49,42.2506,-75.833,24.01,79,90,10.36
482,Tiksi,RU,2021-02-01 00:24:58,71.6872,128.8694,-27.27,86,100,6.4
483,Moose Factory,CA,2021-02-01 00:24:58,51.2585,-80.6094,-0.4,85,90,4.61
484,Siniscola,IT,2021-02-01 00:24:58,40.5719,9.6922,57.2,67,0,19.57
485,Phenix City,US,2021-02-01 00:24:58,32.471,-85.0008,60.8,94,20,5.75
486,Miles City,US,2021-02-01 00:24:59,46.4083,-105.8406,39.2,56,1,4.61
487,Nongan,CN,2021-02-01 00:24:59,44.382,125.1685,-0.4,78,75,8.95
488,Dabakala,CI,2021-02-01 00:24:59,8.3667,-4.4333,77.58,21,25,0.81
489,Mongo,TD,2021-02-01 00:24:59,12.1844,18.693,71.2,23,0,4.18
490,Umm Kaddadah,SD,2021-02-01 00:24:59,13.6017,26.6876,64.35,24,0,11.01
491,Shelopugino,RU,2021-02-01 00:24:59,51.6514,117.5599,-32.69,82,93,1.12
492,Yeppoon,AU,2021-02-01 00:24:59,-23.1333,150.7333,82.4,54,90,11.5
493,San Rafael,AR,2021-02-01 00:24:27,-34.6177,-68.3301,55.42,73,99,6.53
494,Ayapel,CO,2021-02-01 00:25:00,8.3137,-75.1398,83.25,60,89,3.96
495,Sao Miguel Do Araguaia,BR,2021-02-01 00:25:00,-13.275,-50.1628,77.02,78,82,4.05
496,Lensk,RU,2021-02-01 00:25:00,60.7253,114.9278,-30.1,79,100,7.92
497,Baiyin,CN,2021-02-01 00:25:00,36.5583,104.2081,19.99,55,0,4.47
498,Deep River,CA,2021-02-01 00:25:00,46.1001,-77.4995,1.99,71,1,3.49
499,Dinar,TR,2021-02-01 00:25:00,38.065,30.1656,41.0,81,40,5.75
500,San Policarpo,PH,2021-02-01 00:25:01,12.1791,125.5072,80.15,80,99,16.51
501,La Sarre,CA,2021-02-01 00:20:55,48.8002,-79.1996,-1.41,92,13,5.03
502,Ushtobe,KZ,2021-02-01 00:25:01,45.2514,77.9838,22.77,84,99,2.1
503,Qena,EG,2021-02-01 00:25:01,26.1615,32.7183,50.0,50,0,2.86
504,Noumea,NC,2021-02-01 00:25:01,-22.2763,166.4572,82.99,57,20,18.41
505,Dezhou,CN,2021-02-01 00:25:01,37.4486,116.2925,32.72,80,83,6.93
506,Santa Maria Da Vitoria,BR,2021-02-01 00:25:01,-13.3947,-44.1886,79.75,41,30,3.42
507,Yunyang,CN,2021-02-01 00:24:28,33.4474,112.7142,43.05,59,64,1.28
508,Finschhafen,PG,2021-02-01 00:25:02,-6.6024,147.8681,86.11,70,91,9.37
509,Lusambo,CD,2021-02-01 00:25:02,-4.9667,23.45,70.02,93,99,1.07
510,Teguldet,RU,2021-02-01 00:25:02,57.3064,88.1667,-16.83,85,74,7.76
511,Husavik,IS,2021-02-01 00:22:32,66.0449,-17.3389,-4.0,84,0,5.75
512,Coahuayana,MX,2021-02-01 00:25:02,18.7333,-103.6833,77.0,78,1,4.88
513,Royan,FR,2021-02-01 00:25:03,45.6285,-1.0281,53.6,94,90,20.71
514,Ranong,TH,2021-02-01 00:25:03,9.9658,98.6348,75.2,88,20,5.75
515,Brindisi,IT,2021-02-01 00:22:05,40.5833,17.6667,54.0,87,77,9.22
516,Havelock,US,2021-02-01 00:25:03,34.8791,-76.9013,57.2,94,90,8.05
517,Daloa,CI,2021-02-01 00:25:03,6.8774,-6.4502,76.6,81,48,3.94
518,Verkhnevilyuysk,RU,2021-02-01 00:25:04,63.4453,120.3167,-43.8,79,88,5.57
519,Qaqortoq,GL,2021-02-01 00:25:04,60.7167,-46.0333,39.2,33,75,17.27
520,Hami,CN,2021-02-01 00:21:42,42.8,93.45,24.49,78,0,6.78
521,Najran,SA,2021-02-01 00:25:04,17.4924,44.1277,55.4,41,0,2.21
522,Mount Isa,AU,2021-02-01 00:25:04,-20.7333,139.5,93.2,43,100,8.05
523,Vilhena,BR,2021-02-01 00:25:04,-12.7406,-60.1458,78.8,73,20,6.91
524,Benjamin Constant,BR,2021-02-01 00:25:05,-4.3831,-70.0311,75.2,100,90,4.61
525,Rafai,CF,2021-02-01 00:25:05,4.95,23.9167,68.22,37,72,2.01
526,Ust-Ishim,RU,2021-02-01 00:21:11,57.6935,71.1665,1.65,94,68,4.7
527,Coihaique,CL,2021-02-01 00:25:05,-45.5752,-72.0662,69.8,40,0,6.91
528,Bikin,RU,2021-02-01 00:25:05,46.8161,134.26,-3.26,91,100,2.98
529,Bertea,RO,2021-02-01 00:25:06,45.2333,25.8667,35.01,87,100,4.29
530,Waipawa,NZ,2021-02-01 00:25:06,-41.4122,175.5153,64.4,77,1,11.5
531,Sao Jose Da Coroa Grande,BR,2021-02-01 00:25:06,-8.8978,-35.1478,78.06,80,70,6.98
532,Broken Hill,AU,2021-02-01 00:23:32,-31.95,141.4333,82.4,20,93,10.36
533,Mitsamiouli,KM,2021-02-01 00:25:06,-11.3847,43.2844,82.49,72,83,7.43
534,Leeuwarden,NL,2021-02-01 00:25:06,53.2014,5.8086,30.99,80,90,8.05
535,Harper,LR,2021-02-01 00:25:06,4.375,-7.7169,78.55,88,30,8.08
536,Kudat,MY,2021-02-01 00:25:07,6.8837,116.8477,80.6,83,20,9.22
537,Port Lincoln,AU,2021-02-01 00:25:07,-34.7333,135.8667,64.76,64,86,17.29
538,Atar,MR,2021-02-01 00:25:07,20.5169,-13.0499,69.06,24,71,8.79
539,Imeni Poliny Osipenko,RU,2021-02-01 00:25:07,52.4201,136.4853,-25.67,86,68,2.15
540,Lavrentiya,RU,2021-02-01 00:22:16,65.5833,-171.0,-6.18,85,100,16.84
541,Kismayo,SO,2021-02-01 00:25:08,-0.3582,42.5454,75.99,80,99,14.43
542,Nishihara,JP,2021-02-01 00:25:09,26.1842,127.7558,68.0,64,20,4.61
543,Aksu,CN,2021-02-01 00:25:09,41.1231,80.2644,18.36,78,0,4.03
544,Bonavista,CA,2021-02-01 00:25:09,48.6499,-53.1147,30.99,100,100,5.75
545,Nago,JP,2021-02-01 00:23:50,26.5881,127.9761,64.4,88,20,6.91
546,Peniche,PT,2021-02-01 00:25:09,39.3558,-9.3811,57.0,99,99,8.01
547,Hope,US,2021-02-01 00:25:10,33.6671,-93.5916,46.0,54,6,11.01
548,Xichang,CN,2021-02-01 00:25:10,27.8964,102.2634,37.0,80,8,1.19
549,Korcula,HR,2021-02-01 00:25:10,42.9622,17.1369,46.4,93,75,2.3
550,Asosa,ET,2021-02-01 00:23:10,10.0667,34.5333,64.85,36,0,5.19
551,Shimoda,JP,2021-02-01 00:25:10,34.6667,138.95,48.2,66,75,13.8
552,Bandarbeyla,SO,2021-02-01 00:25:10,9.4942,50.8122,72.27,72,12,17.78
553,Gao,ML,2021-02-01 00:25:10,16.6362,1.637,68.38,20,74,10.25
554,Akdepe,TM,2021-02-01 00:25:11,42.0551,59.3788,35.6,75,6,6.91
555,Cambridge,CA,2021-02-01 00:21:11,43.3601,-80.3127,21.0,73,90,21.85
556,Fukue,JP,2021-02-01 00:25:11,32.6881,128.8419,60.8,77,75,24.16
557,Mayumba,GA,2021-02-01 00:25:11,-3.432,10.6554,78.78,82,100,3.38
558,Ambulu,ID,2021-02-01 00:25:11,-8.345,113.6058,77.67,84,100,3.31
559,Tevriz,RU,2021-02-01 00:25:11,57.509,72.4042,-0.69,93,59,4.03
560,Hongjiang,CN,2021-02-01 00:25:11,27.11,109.9956,47.41,88,97,1.28
561,Manokwari,ID,2021-02-01 00:24:41,-0.8667,134.0833,78.39,68,100,3.18
562,Conde,BR,2021-02-01 00:25:12,-7.2597,-34.9075,78.8,83,20,8.05
563,Sumisip,PH,2021-02-01 00:25:12,6.4197,121.9714,80.6,78,90,4.61
564,Ljungby,SE,2021-02-01 00:25:12,56.8332,13.9408,16.0,92,90,2.84
565,Meulaboh,ID,2021-02-01 00:25:12,4.1363,96.1285,74.62,87,65,5.17
566,Acarau,BR,2021-02-01 00:21:27,-2.8856,-40.12,80.33,81,42,16.02
567,Bima,ID,2021-02-01 00:25:12,-8.4667,118.7167,80.26,79,99,2.28
568,Magomeni,TZ,2021-02-01 00:25:13,-6.8,39.25,79.03,73,99,7.58
569,Benguela,AO,2021-02-01 00:25:13,-12.5763,13.4055,75.74,76,97,4.32
570,Korla,CN,2021-02-01 00:21:16,41.7597,86.1469,19.69,83,68,2.04
571,Isangel,VU,2021-02-01 00:25:13,-19.55,169.2667,82.4,83,75,5.75
572,Onokhino,RU,2021-02-01 00:25:13,56.925,65.5394,5.0,85,40,4.47
573,Labuhan,ID,2021-02-01 00:25:13,-6.8844,112.2051,79.05,83,100,8.52
574,Eraclea,IT,2021-02-01 00:25:13,45.5806,12.6756,36.0,80,0,4.61
575,Kostomuksha,RU,2021-02-01 00:25:14,64.571,30.5767,7.39,95,100,3.29
576,Canavieiras,BR,2021-02-01 00:25:14,-15.675,-38.9472,75.63,89,36,5.7
577,Touros,BR,2021-02-01 00:21:13,-5.1989,-35.4608,78.8,78,20,6.91
578,Goroka,PG,2021-02-01 00:25:14,-6.0834,145.3873,65.16,86,100,1.83
579,Megion,RU,2021-02-01 00:25:14,61.0296,76.1136,-4.0,84,90,6.71
580,Teya,RU,2021-02-01 00:25:14,60.3778,92.6267,-17.52,82,96,1.16
581,Sars,RU,2021-02-01 00:22:08,56.5502,57.1366,28.29,92,100,12.33
582,Kjustendil,BG,2021-02-01 00:25:15,42.2839,22.6911,50.0,86,100,3.0
583,Kamiiso,JP,2021-02-01 00:21:04,41.8167,140.65,26.6,80,75,6.91
584,Outjo,NA,2021-02-01 00:25:15,-20.1167,16.15,64.45,52,98,11.34
585,Murdochville,CA,2021-02-01 00:25:10,48.9583,-65.5006,23.0,80,28,6.91
586,Narsaq,GL,2021-02-01 00:25:15,60.9167,-46.05,39.2,33,75,17.27
587,Ziyang,CN,2021-02-01 00:25:15,29.2497,117.8547,54.03,92,100,0.69
588,Zhezkazgan,KZ,2021-02-01 00:25:16,47.8043,67.7144,14.99,92,10,3.24
589,Sable-Sur-Sarthe,FR,2021-02-01 00:25:16,47.8376,-0.3329,52.0,100,90,10.36
590,Kilindoni,TZ,2021-02-01 00:25:16,-7.9139,39.6668,80.29,77,90,11.43
591,Deniliquin,AU,2021-02-01 00:25:16,-35.5333,144.9667,73.99,70,80,5.08
592,Athens,GR,2021-02-01 00:24:40,37.9795,23.7162,63.0,82,20,9.22
593,Comodoro Rivadavia,AR,2021-02-01 00:25:16,-45.8667,-67.5,69.8,52,20,12.66
